<?xml version="1.0" encoding="UTF-8"?>

<ValueSet xmlns="http://hl7.org/fhir">
  <id value="LicensingModel"/>
  <text>
    <status value="generated"/><div xmlns="http://www.w3.org/1999/xhtml"><p class="res-header-id"><b>Generated Narrative: ValueSet LicensingModel</b></p><a name="LicensingModel"> </a><a name="hcLicensingModel"> </a><a name="LicensingModel-en-US"> </a><ul><li>Include all codes defined in <a href="CodeSystem-LicensingModelCs.html"><code>http://smart.who.int/ips-pilgrimage/CodeSystem/LicensingModelCs</code></a></li></ul></div>
  </text>
  <url value="http://smart.who.int/ips-pilgrimage/ValueSet/LicensingModel"/>
  <version value="1.0.1"/>
  <name value="LicensingModel"/>
  <title value="Licensing Model"/>
  <status value="draft"/>
  <date value="2025-01-28T18:41:16+00:00"/>
  <publisher value="WHO"/>
  <contact>
    <name value="WHO"/>
    <telecom>
      <system value="url"/>
      <value value="http://who.int"/>
    </telecom>
    <telecom>
      <system value="email"/>
      <value value="smart@who.int"/>
    </telecom>
  </contact>
  <description value="Licensing Model"/>
  <compose>
    <include>
      <system value="http://smart.who.int/ips-pilgrimage/CodeSystem/LicensingModelCs"/>
    </include>
  </compose>
</ValueSet>