{
  "resourceType" : "CodeSystem",
  "id" : "DistributionModelCs",
  "text" : {
    "status" : "generated",
    "div" : "<div xmlns=\"http://www.w3.org/1999/xhtml\"><p class=\"res-header-id\"><b>Generated Narrative: CodeSystem DistributionModelCs</b></p><a name=\"DistributionModelCs\"> </a><a name=\"hcDistributionModelCs\"> </a><a name=\"DistributionModelCs-en-US\"> </a><p>This case-insensitive code system <code>http://smart.who.int/ips-pilgrimage/CodeSystem/DistributionModelCs</code> defines the following codes:</p><table class=\"codes\"><tr><td style=\"white-space:nowrap\"><b>Code</b></td></tr><tr><td style=\"white-space:nowrap\">Cloud-based<a name=\"DistributionModelCs-Cloud-based\"> </a></td></tr><tr><td style=\"white-space:nowrap\">On-premise<a name=\"DistributionModelCs-On-premise\"> </a></td></tr><tr><td style=\"white-space:nowrap\">Hybrid<a name=\"DistributionModelCs-Hybrid\"> </a></td></tr></table></div>"
  },
  "url" : "http://smart.who.int/ips-pilgrimage/CodeSystem/DistributionModelCs",
  "version" : "2.0.2",
  "name" : "DistributionModelCs",
  "title" : "Distribution Model",
  "status" : "active",
  "experimental" : true,
  "date" : "2025-02-08T18:31:38+00:00",
  "publisher" : "WHO",
  "contact" : [{
    "name" : "WHO",
    "telecom" : [{
      "system" : "url",
      "value" : "http://who.int"
    },
    {
      "system" : "email",
      "value" : "smart@who.int"
    }]
  }],
  "description" : "Distribution Model",
  "caseSensitive" : false,
  "content" : "complete",
  "count" : 3,
  "concept" : [{
    "code" : "Cloud-based",
    "display" : "Cloud-based"
  },
  {
    "code" : "On-premise",
    "display" : "On-premise"
  },
  {
    "code" : "Hybrid",
    "display" : "Hybrid"
  }]
}