{
  "resourceType" : "Condition",
  "id" : "c4597aa2-688a-401b-a658-70acc6de28c6",
  "text" : {
    "status" : "generated",
    "div" : "<div xmlns=\"http://www.w3.org/1999/xhtml\"><p class=\"res-header-id\"><b>Generated Narrative: Condition c4597aa2-688a-401b-a658-70acc6de28c6</b></p><a name=\"c4597aa2-688a-401b-a658-70acc6de28c6\"> </a><a name=\"hcc4597aa2-688a-401b-a658-70acc6de28c6\"> </a><a name=\"c4597aa2-688a-401b-a658-70acc6de28c6-en-US\"> </a><p><b>identifier</b>: <code>urn:oid:1.2.3.999</code>/66d4a8c7-9081-43e0-a63f-489c2ae6edd6</p><p><b>clinicalStatus</b>: <span title=\"Codes:{http://terminology.hl7.org/CodeSystem/condition-clinical remission}\">Remission</span></p><p><b>verificationStatus</b>: <span title=\"Codes:{http://terminology.hl7.org/CodeSystem/condition-ver-status confirmed}\">Confirmed</span></p><p><b>category</b>: <span title=\"Codes:{http://loinc.org 75326-9}\">Problem</span></p><p><b>severity</b>: <span title=\"Codes:{http://loinc.org LA6750-9}\">Severe</span></p><p><b>code</b>: <span title=\"Codes:{http://snomed.info/sct 254837009}, {http://terminology.hl7.org/CodeSystem/icd-o-3 8500/3}\">Malignant tumor of breast</span></p><p><b>subject</b>: <a href=\"Patient-2b90dd2b-2dab-4c75-9bb9-a355e07401e8.html\">Martha DeLarosa  Female, DoB: 1972-05-01 ( urn:oid:2.16.840.1.113883.2.4.6.3#574687583)</a></p><p><b>onset</b>: 2015-01</p><p><b>abatement</b>: 2015-03</p></div>"
  },
  "identifier" : [{
    "system" : "urn:oid:1.2.3.999",
    "value" : "66d4a8c7-9081-43e0-a63f-489c2ae6edd6"
  }],
  "clinicalStatus" : {
    "coding" : [{
      "system" : "http://terminology.hl7.org/CodeSystem/condition-clinical",
      "code" : "remission"
    }]
  },
  "verificationStatus" : {
    "coding" : [{
      "system" : "http://terminology.hl7.org/CodeSystem/condition-ver-status",
      "code" : "confirmed"
    }]
  },
  "category" : [{
    "coding" : [{
      "system" : "http://loinc.org",
      "code" : "75326-9",
      "display" : "Problem"
    }]
  }],
  "severity" : {
    "coding" : [{
      "system" : "http://loinc.org",
      "code" : "LA6750-9",
      "display" : "Severe"
    }]
  },
  "code" : {
    "coding" : [{
      "system" : "http://snomed.info/sct",
      "code" : "254837009",
      "display" : "Malignant tumor of breast",
      "_display" : {
        "extension" : [{
          "extension" : [{
            "url" : "lang",
            "valueCode" : "nl-NL"
          },
          {
            "url" : "content",
            "valueString" : "Borstkanker stadium II zonder aanwijzingen van recidieven na behandeling"
          }],
          "url" : "http://hl7.org/fhir/StructureDefinition/translation"
        }]
      }
    },
    {
      "system" : "http://terminology.hl7.org/CodeSystem/icd-o-3",
      "code" : "8500/3",
      "display" : "Infiltrating duct carcinoma, NOS"
    }]
  },
  "subject" : {
    "reference" : "Patient/2b90dd2b-2dab-4c75-9bb9-a355e07401e8"
  },
  "onsetDateTime" : "2015-01",
  "abatementDateTime" : "2015-03"
}