{
  "resourceType" : "Practitioner",
  "id" : "1c616b24-3895-48c4-9a02-9a64110351ef",
  "text" : {
    "status" : "generated",
    "div" : "<div xmlns=\"http://www.w3.org/1999/xhtml\"><p class=\"res-header-id\"><b>Generated Narrative: Practitioner 1c616b24-3895-48c4-9a02-9a64110351ef</b></p><a name=\"1c616b24-3895-48c4-9a02-9a64110351ef\"> </a><a name=\"hc1c616b24-3895-48c4-9a02-9a64110351ef\"> </a><a name=\"1c616b24-3895-48c4-9a02-9a64110351ef-en-US\"> </a><p><b>identifier</b>: <code>urn:oid:2.16.528.1.1007.3.1</code>/129854633</p><p><b>active</b>: true</p><p><b>name</b>: Beetje van Hulp </p><h3>Qualifications</h3><table class=\"grid\"><tr><td style=\"display: none\">-</td><td><b>Code</b></td></tr><tr><td style=\"display: none\">*</td><td><span title=\"Codes:{http://terminology.hl7.org/CodeSystem/v2-0360 MD}\">Doctor of Medicine</span></td></tr></table></div>"
  },
  "identifier" : [{
    "system" : "urn:oid:2.16.528.1.1007.3.1",
    "value" : "129854633",
    "assigner" : {
      "display" : "CIBG"
    }
  }],
  "active" : true,
  "name" : [{
    "family" : "van Hulp",
    "given" : ["Beetje"]
  }],
  "qualification" : [{
    "code" : {
      "coding" : [{
        "system" : "http://terminology.hl7.org/CodeSystem/v2-0360",
        "version" : "2.7",
        "code" : "MD",
        "display" : "Doctor of Medicine"
      }]
    }
  }]
}