<?xml version="1.0" encoding="UTF-8"?>

<Observation xmlns="http://hl7.org/fhir">
  <id value="b4916505-a06b-460c-9be8-011609282457"/>
  <text>
    <status value="generated"/><div xmlns="http://www.w3.org/1999/xhtml"><p class="res-header-id"><b>Generated Narrative: Observation b4916505-a06b-460c-9be8-011609282457</b></p><a name="b4916505-a06b-460c-9be8-011609282457"> </a><a name="hcb4916505-a06b-460c-9be8-011609282457"> </a><a name="b4916505-a06b-460c-9be8-011609282457-en-US"> </a><p><b>status</b>: Final</p><p><b>category</b>: <span title="Codes:{http://terminology.hl7.org/CodeSystem/observation-category laboratory}">Laboratory</span></p><p><b>code</b>: <span title="Codes:{http://loinc.org 1018-1}">E Ab [Presence] in Serum or Plasma</span></p><p><b>subject</b>: <a href="Patient-2b90dd2b-2dab-4c75-9bb9-a355e07401e8.html">Martha DeLarosa  Female, DoB: 1972-05-01 ( urn:oid:2.16.840.1.113883.2.4.6.3#574687583)</a></p><p><b>effective</b>: 2015-10-10 09:35:00+0100</p><p><b>performer</b>: <a href="Organization-45a5c5b1-4ec1-4d60-b4b2-ff5a84a41fd7.html">Organization Laboratoire de charme</a></p><p><b>value</b>: <span title="Codes:{http://snomed.info/sct 10828004}">Positive</span></p></div>
  </text>
  <status value="final"/>
  <category>
    <coding>
      <system value="http://terminology.hl7.org/CodeSystem/observation-category"/>
      <code value="laboratory"/>
    </coding>
  </category>
  <code>
    <coding>
      <system value="http://loinc.org"/>
      <code value="1018-1"/>
      <display value="E Ab [Presence] in Serum or Plasma"/>
    </coding>
  </code>
  <subject>
    <reference value="Patient/2b90dd2b-2dab-4c75-9bb9-a355e07401e8"/>
  </subject>
  <effectiveDateTime value="2015-10-10T09:35:00+01:00"/>
  <performer>
    <reference value="Organization/45a5c5b1-4ec1-4d60-b4b2-ff5a84a41fd7"/>
  </performer>
  <valueCodeableConcept>
    <coding>
      <system value="http://snomed.info/sct"/>
      <code value="10828004"/>
      <display value="Positive"/>
    </coding>
  </valueCodeableConcept>
</Observation>