<?xml version="1.0" encoding="UTF-8"?>

<ValueSet xmlns="http://hl7.org/fhir">
  <id value="Language"/>
  <text>
    <status value="generated"/><div xmlns="http://www.w3.org/1999/xhtml"><p class="res-header-id"><b>Generated Narrative: ValueSet Language</b></p><a name="Language"> </a><a name="hcLanguage"> </a><a name="Language-en-US"> </a><ul><li>Include all codes defined in <a href="CodeSystem-LanguageCs.html"><code>http://smart.who.int/ips-pilgrimage/CodeSystem/LanguageCs</code></a></li></ul></div>
  </text>
  <url value="http://smart.who.int/ips-pilgrimage/ValueSet/Language"/>
  <version value="1.0.1"/>
  <name value="Language"/>
  <title value="Language"/>
  <status value="draft"/>
  <date value="2025-01-08T20:29:13+00:00"/>
  <publisher value="WHO"/>
  <contact>
    <name value="WHO"/>
    <telecom>
      <system value="url"/>
      <value value="http://who.int"/>
    </telecom>
    <telecom>
      <system value="email"/>
      <value value="smart@who.int"/>
    </telecom>
  </contact>
  <description value="Language"/>
  <compose>
    <include>
      <system value="http://smart.who.int/ips-pilgrimage/CodeSystem/LanguageCs"/>
    </include>
  </compose>
</ValueSet>