"Id","Path","Slice Name","Alias(s)","Label","Min","Max","Must Support?","Is Modifier?","Is Summary?","Type(s)","Short","Definition","Comments","Requirements","Default Value","Meaning When Missing","Fixed Value","Pattern","Example","Minimum Value","Maximum Value","Maximum Length","Binding Strength","Binding Description","Binding Value Set","Code","Slicing Discriminator","Slicing Description","Slicing Ordered","Slicing Rules","Base Path","Base Min","Base Max","Condition(s)","Constraint(s)","Mapping: RIM Mapping"
"SmartHealthLinkPayload","SmartHealthLinkPayload","","","",0,*,"","","","null {[]} {[]}
","Smart Health Link Payload (DRAFT)","Smart Health Link Payload (DRAFT)

This logical model was taken from the SMART Health Link documentation <https://docs.smarthealthit.org/smart-health-links/spec#construct-a-shlink-payload> as if 30 November 2023.

A [[ SMART Health Link]] is generated from this payload according to the algorithm documented here <https://docs.smarthealthit.org/smart-health-links/spec#example-shlink-generation> to create a 

It is generated 

","","","","","","","","","",,,,,"",,,,"Base",0,*,"",""
"SmartHealthLinkPayload.url","SmartHealthLinkPayload.url","","","",1,1,"","","","string {[]} {[]}
","url","Manifest URL for this SHLink","","","","","","","","","",,,,,"",,,,"SmartHealthLinkPayload.url",1,1,"",""
"SmartHealthLinkPayload.key","SmartHealthLinkPayload.key","","","",1,1,"","","","string {[]} {[]}
","Decryption key for processing files returned in the manifest. 43 characters, consisting of 32 random bytes base64urlencoded.","Decryption key for processing files returned in the manifest. 43 characters, consisting of 32 random bytes base64urlencoded.","","","","","","","","","",,,,,"",,,,"SmartHealthLinkPayload.key",1,1,"",""
"SmartHealthLinkPayload.exp","SmartHealthLinkPayload.exp","","","",0,1,"","","","string {[]} {[]}
","Optional. Number representing expiration time in Epoch seconds, as a hint to help the SHL Receiving Application determine if this QR is stale. (Note: epoch times should be parsed into 64-bit numeric types.)","Optional. Number representing expiration time in Epoch seconds, as a hint to help the SHL Receiving Application determine if this QR is stale. (Note: epoch times should be parsed into 64-bit numeric types.)","","","","","","","","","",,,,,"",,,,"SmartHealthLinkPayload.exp",0,1,"",""
"SmartHealthLinkPayload.flag","SmartHealthLinkPayload.flag","","","",0,1,"","","","string {[]} {[]}
","Optional. String created by concatenating single-character flags in alphabetical order
  L Indicates the SHLink is intended for long-term use and manifest content can evolve over time
  P Indicates the SHLink requires a Passcode to resolves
  U Indicates the SHLink's url resolves to a single encrypted file accessible via GET, bypassing the manifest. SHALL NOT be used in combination with P.","Optional. String created by concatenating single-character flags in alphabetical order
  L Indicates the SHLink is intended for long-term use and manifest content can evolve over time
  P Indicates the SHLink requires a Passcode to resolves
  U Indicates the SHLink's url resolves to a single encrypted file accessible via GET, bypassing the manifest. SHALL NOT be used in combination with P.","","","","","","","","","",,,,,"",,,,"SmartHealthLinkPayload.flag",0,1,"",""
"SmartHealthLinkPayload.label","SmartHealthLinkPayload.label","","","",0,1,"","","","string {[]} {[]}
","Optional. String no longer than 80 characters that provides a short description of the data behind the SHLink.","Optional. String no longer than 80 characters that provides a short description of the data behind the SHLink.","","","","","","","","","",,,,,"",,,,"SmartHealthLinkPayload.label",0,1,"",""
"SmartHealthLinkPayload.v","SmartHealthLinkPayload.v","","","",0,1,"","","","string {[]} {[]}
","Optional. Integer representing the SHLinks protocol version this SHLink conforms to. MAY be omitted when the default value (1) applies.","Optional. Integer representing the SHLinks protocol version this SHLink conforms to. MAY be omitted when the default value (1) applies.","","","","","","","","","",,,,,"",,,,"SmartHealthLinkPayload.v",0,1,"",""
