{
  "codeSystems" : [
    {
      "url" : "http://hl7.org/fhir/ValueSet/bundle-type",
      "version" : "4.0.1",
      "status" : "active",
      "name" : "BundleType",
      "title" : "BundleType",
      "description" : "Indicates the purpose of a bundle - how it is intended to be used.",
      "systems" : ["http://hl7.org/fhir/bundle-type"],
      "oids" : ["2.16.840.1.113883.4.642.3.620"],
      "sources" : ["2.16.840.1.113883.4.642.3.620"],
      "uses" : {
      },
      "StructureDefinition-HajjIPS.html" : "Bundle - IPS for Hajj"
    },
    {
      "url" : "http://hl7.org/fhir/ValueSet/composition-attestation-mode",
      "version" : "4.0.1",
      "status" : "draft",
      "name" : "CompositionAttestationMode",
      "title" : "CompositionAttestationMode",
      "description" : "The way in which a person authenticated a composition.",
      "systems" : ["http://hl7.org/fhir/composition-attestation-mode"],
      "oids" : ["2.16.840.1.113883.4.642.3.238"],
      "sources" : ["2.16.840.1.113883.4.642.3.238"],
      "uses" : {
      },
      "StructureDefinition-HajjIPSComposition.html" : "Composition (IPS) for Hajj"
    },
    {
      "url" : "http://hl7.org/fhir/ValueSet/composition-status",
      "version" : "4.0.1",
      "status" : "draft",
      "name" : "CompositionStatus",
      "title" : "CompositionStatus",
      "description" : "The workflow/clinical status of the composition.",
      "systems" : ["http://hl7.org/fhir/composition-status"],
      "oids" : ["2.16.840.1.113883.4.642.3.241"],
      "sources" : ["2.16.840.1.113883.4.642.3.241"],
      "uses" : {
      },
      "StructureDefinition-HajjIPSComposition.html" : "Composition (IPS) for Hajj"
    },
    {
      "url" : "http://hl7.org/fhir/ValueSet/consent-action",
      "version" : "4.0.1",
      "status" : "draft",
      "name" : "ConsentActionCodes",
      "title" : "Consent Action Codes",
      "description" : "This value set includes sample Consent Action codes.",
      "systems" : ["http://terminology.hl7.org/CodeSystem/consentaction"],
      "oids" : ["2.16.840.1.113883.4.642.3.753"],
      "sources" : ["2.16.840.1.113883.4.642.3.753"],
      "uses" : {
      },
      "StructureDefinition-HajjConsent.html" : "HajjConsent"
    },
    {
      "url" : "http://hl7.org/fhir/ValueSet/consent-category",
      "version" : "4.0.1",
      "status" : "draft",
      "name" : "ConsentCategoryCodes",
      "title" : "Consent Category Codes",
      "description" : "This value set includes sample Consent Directive Type codes, including several consent directive related LOINC codes; HL7 VALUE SET: ActConsentType(2.16.840.1.113883.1.11.19897); examples of US realm consent directive legal descriptions and references to online and/or downloadable forms such as the SSA-827 Authorization to Disclose Information to the Social Security Administration; and other anticipated consent directives related to participation in a clinical trial, medical procedures, reproductive procedures; health care directive (Living Will); advance directive, do not resuscitate (DNR); Physician Orders for Life-Sustaining Treatment (POLST)",
      "systems" : [
        "http://terminology.hl7.org/CodeSystem/v3-ActCode",
        "http://loinc.org",
        "http://terminology.hl7.org/CodeSystem/consentcategorycodes"
      ],
      "oids" : ["2.16.840.1.113883.4.642.3.751"],
      "sources" : ["2.16.840.1.113883.4.642.3.751"],
      "uses" : {
      },
      "StructureDefinition-HajjConsent.html" : "HajjConsent"
    },
    {
      "url" : "http://hl7.org/fhir/ValueSet/consent-content-class",
      "version" : "4.0.1",
      "status" : "draft",
      "name" : "ConsentContentClass",
      "title" : "Consent Content Class",
      "description" : "This value set includes the FHIR resource types, along with some other important content class codes",
      "systems" : [
        "urn:ietf:rfc:3986",
        "urn:ietf:bcp:13",
        "http://hl7.org/fhir/resource-types",
        "http://ihe.net/fhir/ValueSet/IHE.FormatCode.codesystem"
      ],
      "oids" : ["2.16.840.1.113883.4.642.3.747"],
      "sources" : ["2.16.840.1.113883.4.642.3.747"],
      "uses" : {
      },
      "StructureDefinition-HajjConsent.html" : "HajjConsent"
    },
    {
      "url" : "http://hl7.org/fhir/ValueSet/consent-content-code",
      "version" : "4.0.1",
      "status" : "draft",
      "name" : "ConsentContentCodes",
      "title" : "Consent Content Codes",
      "description" : "This example value set contains all LOINC code",
      "systems" : ["http://loinc.org"],
      "oids" : ["2.16.840.1.113883.4.642.3.748"],
      "sources" : ["2.16.840.1.113883.4.642.3.748"],
      "uses" : {
      },
      "StructureDefinition-HajjConsent.html" : "HajjConsent"
    },
    {
      "url" : "http://hl7.org/fhir/ValueSet/consent-data-meaning",
      "version" : "4.0.1",
      "status" : "draft",
      "name" : "ConsentDataMeaning",
      "title" : "ConsentDataMeaning",
      "description" : "How a resource reference is interpreted when testing consent restrictions.",
      "systems" : ["http://hl7.org/fhir/consent-data-meaning"],
      "oids" : ["2.16.840.1.113883.4.642.3.759"],
      "sources" : ["2.16.840.1.113883.4.642.3.759"],
      "uses" : {
      },
      "StructureDefinition-HajjConsent.html" : "HajjConsent"
    },
    {
      "url" : "http://hl7.org/fhir/ValueSet/consent-policy",
      "version" : "4.0.1",
      "status" : "draft",
      "name" : "ConsentPolicyRuleCodes",
      "title" : "Consent PolicyRule Codes",
      "description" : "This value set includes sample Regulatory consent policy types from the US and other regions.",
      "systems" : ["http://terminology.hl7.org/CodeSystem/consentpolicycodes"],
      "oids" : ["2.16.840.1.113883.4.642.3.1014"],
      "sources" : ["2.16.840.1.113883.4.642.3.1014"],
      "uses" : {
      },
      "StructureDefinition-HajjConsent.html" : "HajjConsent"
    },
    {
      "url" : "http://hl7.org/fhir/ValueSet/consent-provision-type",
      "version" : "4.0.1",
      "status" : "draft",
      "name" : "ConsentProvisionType",
      "title" : "ConsentProvisionType",
      "description" : "How a rule statement is applied, such as adding additional consent or removing consent.",
      "systems" : ["http://hl7.org/fhir/consent-provision-type"],
      "oids" : ["2.16.840.1.113883.4.642.3.757"],
      "sources" : ["2.16.840.1.113883.4.642.3.757"],
      "uses" : {
      },
      "StructureDefinition-HajjConsent.html" : "HajjConsent"
    },
    {
      "url" : "http://hl7.org/fhir/ValueSet/consent-scope",
      "version" : "4.0.1",
      "status" : "draft",
      "name" : "ConsentScopeCodes",
      "title" : "Consent Scope Codes",
      "description" : "This value set includes the four Consent scope codes.",
      "systems" : ["http://terminology.hl7.org/CodeSystem/consentscope"],
      "oids" : ["2.16.840.1.113883.4.642.3.761"],
      "sources" : ["2.16.840.1.113883.4.642.3.761"],
      "uses" : {
      },
      "StructureDefinition-HajjConsent.html" : "HajjConsent"
    },
    {
      "url" : "http://hl7.org/fhir/ValueSet/consent-state-codes",
      "version" : "4.0.1",
      "status" : "draft",
      "name" : "ConsentState",
      "title" : "ConsentState",
      "description" : "Indicates the state of the consent.",
      "systems" : ["http://hl7.org/fhir/consent-state-codes"],
      "oids" : ["2.16.840.1.113883.4.642.3.755"],
      "sources" : ["2.16.840.1.113883.4.642.3.755"],
      "uses" : {
      },
      "StructureDefinition-HajjConsent.html" : "HajjConsent"
    },
    {
      "url" : "http://hl7.org/fhir/ValueSet/contactentity-type",
      "version" : "4.0.1",
      "status" : "draft",
      "name" : "ContactEntityType",
      "title" : "Contact entity type",
      "description" : "This example value set defines a set of codes that can be used to indicate the purpose for which you would contact a contact party.",
      "systems" : ["http://terminology.hl7.org/CodeSystem/contactentity-type"],
      "oids" : ["2.16.840.1.113883.4.642.3.416"],
      "sources" : ["2.16.840.1.113883.4.642.3.416"],
      "uses" : {
      },
      "StructureDefinition-HajjOrganization.html" : "HajjOrganization"
    },
    {
      "url" : "http://hl7.org/fhir/ValueSet/doc-section-codes",
      "version" : "4.0.1",
      "status" : "draft",
      "name" : "DocumentSectionCodes",
      "title" : "Document Section Codes",
      "description" : "Document section codes (LOINC codes used in CCDA sections).",
      "systems" : ["http://loinc.org"],
      "oids" : ["2.16.840.1.113883.4.642.3.237"],
      "sources" : ["2.16.840.1.113883.4.642.3.237"],
      "uses" : {
      },
      "StructureDefinition-HajjIPSComposition.html" : "Composition (IPS) for Hajj"
    },
    {
      "url" : "http://hl7.org/fhir/ValueSet/doc-typecodes",
      "version" : "4.0.1",
      "status" : "draft",
      "name" : "FHIRDocumentTypeCodes",
      "title" : "FHIR Document Type Codes",
      "description" : "FHIR Document Codes - all LOINC codes where scale type = 'DOC'.",
      "systems" : ["http://loinc.org"],
      "oids" : ["2.16.840.1.113883.4.642.3.240"],
      "sources" : ["2.16.840.1.113883.4.642.3.240"],
      "uses" : {
      },
      "StructureDefinition-HajjIPSComposition.html" : "Composition (IPS) for Hajj"
    },
    {
      "url" : "http://hl7.org/fhir/ValueSet/document-classcodes",
      "version" : "4.0.1",
      "status" : "active",
      "name" : "DocumentClassValueSet",
      "title" : "Document Class Value Set",
      "description" : "This is the code specifying the high-level kind of document (e.g. Prescription, Discharge Summary, Report, etc.). Note: Class code for documents comes from LOINC, and is based upon one of the following:The type of service described by the document. It is described at a very high level in Section 7.3 of the LOINC Manual. The type study performed. It was determined by identifying modalities for study reports. The section of the chart where the document is placed. It was determined from the SETs created for Claims Attachment requests.",
      "systems" : ["http://loinc.org"],
      "oids" : ["2.16.840.1.113883.3.88.12.80.46"],
      "sources" : ["2.16.840.1.113883.3.88.12.80.46"],
      "uses" : {
      },
      "StructureDefinition-HajjIPSComposition.html" : "Composition (IPS) for Hajj"
    },
    {
      "url" : "http://hl7.org/fhir/ValueSet/document-relationship-type",
      "version" : "4.0.1",
      "status" : "draft",
      "name" : "DocumentRelationshipType",
      "title" : "DocumentRelationshipType",
      "description" : "The type of relationship between documents.",
      "systems" : ["http://hl7.org/fhir/document-relationship-type"],
      "oids" : ["2.16.840.1.113883.4.642.3.244"],
      "sources" : ["2.16.840.1.113883.4.642.3.244"],
      "uses" : {
      },
      "StructureDefinition-HajjIPSComposition.html" : "Composition (IPS) for Hajj"
    },
    {
      "url" : "http://hl7.org/fhir/ValueSet/http-verb",
      "version" : "4.0.1",
      "status" : "active",
      "name" : "HTTPVerb",
      "title" : "HTTPVerb",
      "description" : "HTTP verbs (in the HTTP command line). See [HTTP rfc](https://tools.ietf.org/html/rfc7231) for details.",
      "systems" : ["http://hl7.org/fhir/http-verb"],
      "oids" : ["2.16.840.1.113883.4.642.3.624"],
      "sources" : ["2.16.840.1.113883.4.642.3.624"],
      "uses" : {
      },
      "StructureDefinition-HajjIPS.html" : "Bundle - IPS for Hajj"
    },
    {
      "url" : "http://hl7.org/fhir/ValueSet/languages",
      "version" : "4.0.1",
      "status" : "draft",
      "name" : "CommonLanguages",
      "title" : "Common Languages",
      "description" : "This value set includes common codes from BCP-47 (http://tools.ietf.org/html/bcp47)",
      "systems" : ["urn:ietf:bcp:47"],
      "oids" : ["2.16.840.1.113883.4.642.3.20"],
      "sources" : ["2.16.840.1.113883.4.642.3.20"],
      "uses" : {
      },
      "StructureDefinition-HajjConsent.html" : "HajjConsent",
      "StructureDefinition-HajjOrganization.html" : "HajjOrganization",
      "StructureDefinition-HajjIPS.html" : "Bundle - IPS for Hajj",
      "StructureDefinition-HajjIPSComposition.html" : "Composition (IPS) for Hajj"
    },
    {
      "url" : "http://hl7.org/fhir/ValueSet/list-empty-reason",
      "version" : "4.0.1",
      "status" : "draft",
      "name" : "ListEmptyReasons",
      "title" : "List Empty Reasons",
      "description" : "General reasons for a list to be empty. Reasons are either related to a summary list (i.e. problem or medication list) or to a workflow related list (i.e. consultation list).",
      "systems" : ["http://terminology.hl7.org/CodeSystem/list-empty-reason"],
      "oids" : ["2.16.840.1.113883.4.642.3.322"],
      "sources" : ["2.16.840.1.113883.4.642.3.322"],
      "uses" : {
      },
      "StructureDefinition-HajjIPSComposition.html" : "Composition (IPS) for Hajj"
    },
    {
      "url" : "http://hl7.org/fhir/ValueSet/list-mode",
      "version" : "4.0.1",
      "status" : "draft",
      "name" : "ListMode",
      "title" : "ListMode",
      "description" : "The processing mode that applies to this list.",
      "systems" : ["http://hl7.org/fhir/list-mode"],
      "oids" : ["2.16.840.1.113883.4.642.3.318"],
      "sources" : ["2.16.840.1.113883.4.642.3.318"],
      "uses" : {
      },
      "StructureDefinition-HajjIPSComposition.html" : "Composition (IPS) for Hajj"
    },
    {
      "url" : "http://hl7.org/fhir/ValueSet/list-order",
      "version" : "4.0.1",
      "status" : "draft",
      "name" : "ListOrderCodes",
      "title" : "List Order Codes",
      "description" : "Base values for the order of the items in a list resource.",
      "systems" : ["http://terminology.hl7.org/CodeSystem/list-order"],
      "oids" : ["2.16.840.1.113883.4.642.3.324"],
      "sources" : ["2.16.840.1.113883.4.642.3.324"],
      "uses" : {
      },
      "StructureDefinition-HajjIPSComposition.html" : "Composition (IPS) for Hajj"
    },
    {
      "url" : "http://hl7.org/fhir/ValueSet/organization-type",
      "version" : "4.0.1",
      "status" : "draft",
      "name" : "OrganizationType",
      "title" : "Organization type",
      "description" : "This example value set defines a set of codes that can be used to indicate a type of organization.",
      "systems" : ["http://terminology.hl7.org/CodeSystem/organization-type"],
      "oids" : ["2.16.840.1.113883.4.642.3.414"],
      "sources" : ["2.16.840.1.113883.4.642.3.414"],
      "uses" : {
      },
      "StructureDefinition-HajjOrganization.html" : "HajjOrganization"
    },
    {
      "url" : "http://hl7.org/fhir/ValueSet/resource-types",
      "version" : "4.0.1",
      "status" : "active",
      "name" : "ResourceType",
      "title" : "ResourceType",
      "description" : "One of the resource types defined as part of this version of FHIR.",
      "systems" : ["http://hl7.org/fhir/resource-types"],
      "oids" : ["2.16.840.1.113883.4.642.3.27"],
      "sources" : ["2.16.840.1.113883.4.642.3.27"],
      "uses" : {
      },
      "StructureDefinition-HajjIPSComposition.html" : "Composition (IPS) for Hajj"
    },
    {
      "url" : "http://hl7.org/fhir/ValueSet/search-entry-mode",
      "version" : "4.0.1",
      "status" : "active",
      "name" : "SearchEntryMode",
      "title" : "SearchEntryMode",
      "description" : "Why an entry is in the result set - whether it's included as a match or because of an _include requirement, or to convey information or warning information about the search process.",
      "systems" : ["http://hl7.org/fhir/search-entry-mode"],
      "oids" : ["2.16.840.1.113883.4.642.3.622"],
      "sources" : ["2.16.840.1.113883.4.642.3.622"],
      "uses" : {
      },
      "StructureDefinition-HajjIPS.html" : "Bundle - IPS for Hajj"
    },
    {
      "url" : "http://hl7.org/fhir/ValueSet/security-labels",
      "version" : "4.0.1",
      "status" : "active",
      "name" : "All Security Labels",
      "title" : "SecurityLabels",
      "description" : "A single value set for all security labels defined by FHIR.",
      "systems" : [
        "http://terminology.hl7.org/CodeSystem/v3-ActReason",
        "http://terminology.hl7.org/CodeSystem/v3-ActUSPrivacyLaw",
        "http://terminology.hl7.org/CodeSystem/v3-ObservationValue",
        "http://terminology.hl7.org/CodeSystem/v3-ActCode",
        "http://terminology.hl7.org/CodeSystem/v3-Confidentiality"
      ],
      "oids" : ["2.16.840.1.113883.4.642.3.47"],
      "sources" : ["2.16.840.1.113883.4.642.3.47"],
      "uses" : {
      },
      "StructureDefinition-HajjConsent.html" : "HajjConsent"
    },
    {
      "url" : "http://hl7.org/fhir/ValueSet/security-role-type",
      "version" : "4.0.1",
      "status" : "draft",
      "name" : "SecurityRoleType",
      "title" : "SecurityRoleType",
      "description" : "This example FHIR value set is comprised of example Actor Type codes, which can be used to value FHIR agents, actors, and other role         elements such as those specified in financial transactions. The FHIR Actor value set is based on    DICOM Audit Message, C402;   ASTM Standard, E1762-95 [2013]; selected codes and          derived actor roles from HL7 RoleClass OID 2.16.840.1.113883.5.110;    HL7 Role Code 2.16.840.1.113883.5.111, including AgentRoleType;          HL7 ParticipationType OID: 2.16.840.1.113883.5.90; and    HL7 ParticipationFunction codes OID: 2.16.840.1.113883.5.88.           This value set includes, by reference, role codes from external code systems: NUCC Health Care Provider Taxonomy OID: 2.16.840.1.113883.6.101;          North American Industry Classification System [NAICS]OID: 2.16.840.1.113883.6.85; IndustryClassificationSystem 2.16.840.1.113883.1.11.16039;          and US Census Occupation Code OID: 2.16.840.1.113883.6.243 for relevant recipient or custodian codes not included in this value set.            If no source is indicated in the definition comments, then these are example FHIR codes.          It can be extended with appropriate roles described by SNOMED as well as those described in the HL7 Role Based Access Control Catalog and the          HL7 Healthcare (Security and Privacy) Access Control Catalog.            In Role-Based Access Control (RBAC), permissions are operations on an object that a user wishes to access. Permissions are grouped into roles.          A role characterizes the functions a user is allowed to perform. Roles are assigned to users. If the user's role has the appropriate permissions          to access an object, then that user is granted access to the object. FHIR readily enables RBAC, as FHIR Resources are object types and the CRUDE          events (the FHIR equivalent to permissions in the RBAC scheme) are operations on those objects.          In Attribute-Based Access Control (ABAC), a user requests to perform operations on objects. That user's access request is granted or denied          based on a set of access control policies that are specified in terms of attributes and conditions. FHIR readily enables ABAC, as instances of          a Resource in FHIR (again, Resources are object types) can have attributes associated with them. These attributes include security tags,          environment conditions, and a host of user and object characteristics, which are the same attributes as those used in ABAC. Attributes help          define the access control policies that determine the operations a user may perform on a Resource (in FHIR) or object (in ABAC). For example,          a tag (or attribute) may specify that the identified Resource (object) is not to be further disclosed without explicit consent from the patient.",
      "systems" : [
        "http://terminology.hl7.org/CodeSystem/extra-security-role-type",
        "http://terminology.hl7.org/CodeSystem/v3-RoleCode",
        "http://terminology.hl7.org/CodeSystem/v3-RoleClass",
        "http://terminology.hl7.org/CodeSystem/v3-ParticipationFunction",
        "http://terminology.hl7.org/CodeSystem/contractsignertypecodes",
        "http://terminology.hl7.org/CodeSystem/v3-ParticipationType",
        "http://dicom.nema.org/resources/ontology/DCM"
      ],
      "oids" : ["2.16.840.1.113883.4.642.3.978"],
      "sources" : ["2.16.840.1.113883.4.642.3.978"],
      "uses" : {
      },
      "StructureDefinition-HajjConsent.html" : "HajjConsent"
    },
    {
      "url" : "http://smart.who.int/ips-pilgrimage/ValueSet/Browser",
      "version" : null,
      "status" : "draft",
      "name" : "Browser",
      "title" : "Browser",
      "description" : "Browser",
      "systems" : ["http://smart.who.int/ips-pilgrimage/CodeSystem/BrowserCs"]
    },
    {
      "url" : "http://smart.who.int/ips-pilgrimage/ValueSet/Browser",
      "version" : "2.0.2",
      "status" : "draft",
      "name" : "Browser",
      "title" : "Browser",
      "description" : "Browser",
      "systems" : ["http://smart.who.int/ips-pilgrimage/CodeSystem/BrowserCs"]
    },
    {
      "url" : "http://smart.who.int/ips-pilgrimage/ValueSet/DistributionModel",
      "version" : null,
      "status" : "draft",
      "name" : "DistributionModel",
      "title" : "Distribution Model",
      "description" : "Distribution Model",
      "systems" : [
        "http://smart.who.int/ips-pilgrimage/CodeSystem/DistributionModelCs"
      ]
    },
    {
      "url" : "http://smart.who.int/ips-pilgrimage/ValueSet/DistributionModel",
      "version" : "2.0.2",
      "status" : "draft",
      "name" : "DistributionModel",
      "title" : "Distribution Model",
      "description" : "Distribution Model",
      "systems" : [
        "http://smart.who.int/ips-pilgrimage/CodeSystem/DistributionModelCs"
      ]
    },
    {
      "url" : "http://smart.who.int/ips-pilgrimage/ValueSet/IPS.HAJJ.ACTOR",
      "version" : "2.0.2",
      "status" : "active",
      "name" : "IPS_HAJJ_ACTOR",
      "title" : "IPS.HAJJ.ACTOR ValueSet of actor",
      "description" : "ValueSet of codes for actor for Hajj",
      "systems" : [
        "http://smart.who.int/ips-pilgrimage/CodeSystem/IPS.HAJJ.ACTOR"
      ]
    },
    {
      "url" : "http://smart.who.int/ips-pilgrimage/ValueSet/IPS.HAJJ.ACTOR.SYSTEM",
      "version" : null,
      "status" : "active",
      "name" : "IPS_HAJJ_ACTOR_SYSTEM",
      "title" : "IPS.HAJJ.ACTOR.SYSTEM ValueSet of actor",
      "description" : "ValueSet of codes for system actors for Hajj",
      "systems" : [
        "http://smart.who.int/ips-pilgrimage/CodeSystem/IPS.HAJJ.ACTOR"
      ]
    },
    {
      "url" : "http://smart.who.int/ips-pilgrimage/ValueSet/IPS.HAJJ.ACTOR.SYSTEM",
      "version" : "2.0.2",
      "status" : "active",
      "name" : "IPS_HAJJ_ACTOR_SYSTEM",
      "title" : "IPS.HAJJ.ACTOR.SYSTEM ValueSet of actor",
      "description" : "ValueSet of codes for system actors for Hajj",
      "systems" : [
        "http://smart.who.int/ips-pilgrimage/CodeSystem/IPS.HAJJ.ACTOR"
      ]
    },
    {
      "url" : "http://smart.who.int/ips-pilgrimage/ValueSet/IPS.HAJJ.CONSENT",
      "version" : "2.0.2",
      "status" : "active",
      "name" : "IPS_HAJJ_CONSENT",
      "title" : "IPS.HAJJ.CONSENT ValueSet of consent policies",
      "description" : "ValueSet of codes for consent policies for Hajj pilgrims",
      "systems" : [
        "http://smart.who.int/ips-pilgrimage/CodeSystem/IPS.HAJJ.CONSENT"
      ],
      "uses" : {
      },
      "StructureDefinition-HajjConsent.html" : "HajjConsent"
    },
    {
      "url" : "http://smart.who.int/ips-pilgrimage/ValueSet/IPS.HAJJ.TRANSACTION",
      "version" : "2.0.2",
      "status" : "active",
      "name" : "IPS_HAJJ_TRANSACTION",
      "title" : "IPS.HAJJ.TRANSACTION ValueSet of transaction",
      "description" : "ValueSet of codes for transaction for Hajj",
      "systems" : [
        "http://smart.who.int/ips-pilgrimage/CodeSystem/IPS.HAJJ.TRANSACTION"
      ]
    },
    {
      "url" : "http://smart.who.int/ips-pilgrimage/ValueSet/Language",
      "version" : null,
      "status" : "draft",
      "name" : "Language",
      "title" : "Language",
      "description" : "Language",
      "systems" : ["http://smart.who.int/ips-pilgrimage/CodeSystem/LanguageCs"]
    },
    {
      "url" : "http://smart.who.int/ips-pilgrimage/ValueSet/Language",
      "version" : "2.0.2",
      "status" : "draft",
      "name" : "Language",
      "title" : "Language",
      "description" : "Language",
      "systems" : ["http://smart.who.int/ips-pilgrimage/CodeSystem/LanguageCs"]
    },
    {
      "url" : "http://smart.who.int/ips-pilgrimage/ValueSet/LicensingModel",
      "version" : null,
      "status" : "draft",
      "name" : "LicensingModel",
      "title" : "Licensing Model",
      "description" : "Licensing Model",
      "systems" : [
        "http://smart.who.int/ips-pilgrimage/CodeSystem/LicensingModelCs"
      ]
    },
    {
      "url" : "http://smart.who.int/ips-pilgrimage/ValueSet/LicensingModel",
      "version" : "2.0.2",
      "status" : "draft",
      "name" : "LicensingModel",
      "title" : "Licensing Model",
      "description" : "Licensing Model",
      "systems" : [
        "http://smart.who.int/ips-pilgrimage/CodeSystem/LicensingModelCs"
      ]
    },
    {
      "url" : "http://smart.who.int/ips-pilgrimage/ValueSet/OperatingSystem",
      "version" : null,
      "status" : "draft",
      "name" : "OperatingSystem",
      "title" : "Operating System",
      "description" : "Operating System",
      "systems" : [
        "http://smart.who.int/ips-pilgrimage/CodeSystem/OperatingSystemCs"
      ]
    },
    {
      "url" : "http://smart.who.int/ips-pilgrimage/ValueSet/OperatingSystem",
      "version" : "2.0.2",
      "status" : "draft",
      "name" : "OperatingSystem",
      "title" : "Operating System",
      "description" : "Operating System",
      "systems" : [
        "http://smart.who.int/ips-pilgrimage/CodeSystem/OperatingSystemCs"
      ]
    },
    {
      "url" : "http://terminology.hl7.org/ValueSet/v3-ActCode",
      "version" : "3.0.0",
      "status" : "active",
      "name" : "ActCode",
      "title" : "v3 Code System ActCode",
      "description" : "A code specifying the particular kind of Act that the Act-instance represents within its class.  Constraints:\r\nThe kind of Act (e.g. physical examination, serum potassium, inpatient encounter, charge financial transaction, etc.) is specified with a code from one of several, typically external, coding systems.  The coding system will depend on the class of Act, such as LOINC for observations, etc. Conceptually, the Act.code must be a specialization of the Act.classCode. This is why the structure of ActClass domain should be reflected in the superstructure of the ActCode domain and then individual codes or externally referenced vocabularies subordinated under these domains that reflect the ActClass structure. Act.classCode and Act.code are not modifiers of each other but the Act.code concept should really imply the Act.classCode concept. For a negative example, it is not appropriate to use an Act.code \"potassium\" together with and Act.classCode for \"laboratory observation\" to somehow mean \"potassium laboratory observation\" and then use the same Act.code for \"potassium\" together with Act.classCode for \"medication\" to mean \"substitution of potassium\". This mutually modifying use of Act.code and Act.classCode is not permitted.",
      "systems" : ["http://terminology.hl7.org/CodeSystem/v3-ActCode"],
      "uses" : {
      },
      "StructureDefinition-HajjIPSComposition.html" : "Composition (IPS) for Hajj"
    },
    {
      "url" : "http://terminology.hl7.org/ValueSet/v3-ConfidentialityClassification",
      "version" : "2014-03-26",
      "status" : "active",
      "name" : "v3.ConfidentialityClassification",
      "title" : "V3 Value SetConfidentialityClassification",
      "description" : " Set of codes used to value Act.Confidentiality and Role.Confidentiality attribute in accordance with the definition for concept domain \"Confidentiality\".",
      "systems" : ["http://terminology.hl7.org/CodeSystem/v3-Confidentiality"],
      "oids" : ["2.16.840.1.113883.1.11.10228"],
      "sources" : ["2.16.840.1.113883.1.11.10228"],
      "uses" : {
      },
      "StructureDefinition-HajjIPSComposition.html" : "Composition (IPS) for Hajj"
    },
    {
      "url" : "http://terminology.hl7.org/ValueSet/v3-PurposeOfUse",
      "version" : "3.1.0",
      "status" : "active",
      "name" : "PurposeOfUse",
      "title" : "PurposeOfUse",
      "description" : "Supports communication of purpose of use at a general level.",
      "systems" : ["http://terminology.hl7.org/CodeSystem/v3-ActReason"],
      "oids" : ["2.16.840.1.113883.1.11.20448"],
      "sources" : ["2.16.840.1.113883.1.11.20448"],
      "uses" : {
      },
      "StructureDefinition-HajjConsent.html" : "HajjConsent"
    }
  ]
}
