{"resourceType":"ValueSet","id":"IPS.HAJJ.CONSENT","text":{"status":"extensions","div":"<div xmlns=\"http://www.w3.org/1999/xhtml\"><ul><li>Include these codes as defined in <a href=\"CodeSystem-IPS.HAJJ.html\"><code>http://smart.who.int/ips-pilgrimage/CodeSystem/IPS.HAJJ</code></a><table class=\"none\"><tr><td style=\"white-space:nowrap\"><b>Code</b></td><td><b>Display</b></td><td><b>Definition</b></td></tr><tr><td><a href=\"CodeSystem-IPS.HAJJ.html#IPS.HAJJ-CONSENT-KSA\">CONSENT-KSA</a></td><td>Consent for Kingdom of Saudi Arabia</td><td>&lt;INSERT TEXT FROM KSA: discuss pilgrim's consent to share their IPS during provision of clinical care during the Hajj event as well as any follow-up care that may be needed.&gt;</td></tr><tr><td><a href=\"CodeSystem-IPS.HAJJ.html#IPS.HAJJ-CONSENT-IDN\">CONSENT-IDN</a></td><td>Consent for Indonesia</td><td>&lt;INSERT TEXT FROM INDONESIA: discuss pilgrims's consent to utilize Satusehat to enable access to KSA to their IPS if they are in need of care during Hajj&gt;</td></tr><tr><td><a href=\"CodeSystem-IPS.HAJJ.html#IPS.HAJJ-CONSENT-MYS\">CONSENT-MYS</a></td><td>Consent for Malaysia</td><td>&lt;INSERT TEXT FROM MALAYSIA: discuss pilgrims's consent to utilize MySejahtera to enable access to KSA to their IPS if they are in need of care during Hajj&gt;</td></tr><tr><td><a href=\"CodeSystem-IPS.HAJJ.html#IPS.HAJJ-CONSENT-OMN\">CONSENT-OMN</a></td><td>Consent for Oman</td><td>&lt;INSERT TEXT FROM OMAN: discuss pilgrims's consent to utilize Oman's e-Health Portal to enable access to KSA to their IPS if they are in need of care&gt;</td></tr></table></li></ul></div>"},"url":"http://smart.who.int/ips-pilgrimage/ValueSet/IPS.HAJJ.CONSENT","version":"0.1.0","name":"IPS_HAJJ_CONSENT","title":"IPS.HAJJ.CONSENT ValueSet of consent policies","status":"active","experimental":true,"date":"2024-05-02T06:29:42+00:00","publisher":"WHO","contact":[{"name":"WHO","telecom":[{"system":"url","value":"http://who.int"},{"system":"email","value":"smart@who.int"}]}],"description":"ValueSet of codes for consent policies for Hajj pilgrims","compose":{"include":[{"system":"http://smart.who.int/ips-pilgrimage/CodeSystem/IPS.HAJJ","concept":[{"code":"CONSENT-KSA","display":"Consent for Kingdom of Saudi Arabia"},{"code":"CONSENT-IDN","display":"Consent for Indonesia"},{"code":"CONSENT-MYS","display":"Consent for Malaysia"},{"code":"CONSENT-OMN","display":"Consent for Oman"}]}]}}